path,v2_0_0_blob,reason,present_in_v2_0_1
BASELINES.md,f33477c405387065842c05ab3879a540397922ac,nonminimal_historical_documentation_excluded,false
CANONICAL_SURFACES.md,84815cc8925d4fe38cfd4b1f89b6603a431557ac,nonminimal_historical_documentation_excluded,false
CLINICAL_REVIEW.md,54e08018c60ea91432f4f54d4c026b3a4cb3efd6,nonminimal_historical_documentation_excluded,false
KDD212_PUBLIC_ENTRANT.md,f2810ba8b3ec3004bb35c59460899bf6a3b8d148,nonminimal_historical_documentation_excluded,false
KDD215_FULL_ENTRANT.md,08ad464b56254feda1eb89aaeca0904cda8bf2ab,nonminimal_historical_documentation_excluded,false
PUBLIC_RECONSTRUCTION.md,f82074314a4498a538e8b6c0e88a87a9fd8aa81c,nonminimal_historical_documentation_excluded,false
clinical_review/core_review_status.csv,204b29a9cf3a233e828ac8f94c03c483a16c935e,historical_or_credentialed_evidence_excluded,false
clinical_review/core_task_packets/kdd2027_af_rate_anticoag_compact_3bin.md,ee25e1ebf49f183faae0dd71e61c9b3f2ff66b2a,historical_or_credentialed_evidence_excluded,false
clinical_review/core_task_packets/kdd2027_aki_diuretic_rrt_factorized_3bin.md,3a979d9b0ea012fcd35ca096b3b8db5043612b04,historical_or_credentialed_evidence_excluded,false
clinical_review/core_task_packets/kdd2027_ami_hemodynamic_compact_3bin.md,dee2ff8bd311ebb13771f78e7a558161b79220f6,historical_or_credentialed_evidence_excluded,false
clinical_review/core_task_packets/kdd2027_hf_diuretic_binary.md,2cef5c969b081d8a99f4cf0dd0dfad047739aa4d,historical_or_credentialed_evidence_excluded,false
clinical_review/core_task_packets/kdd2027_respiratory_peep_5bin.md,2f739daea9eeba4da77ddf0e60e91b426200cf46,historical_or_credentialed_evidence_excluded,false
clinical_review/core_task_packets/kdd2027_sepsis_vasopressor_3bin.md,07b304947db017ea1481a3bcb8960baa11672e54,historical_or_credentialed_evidence_excluded,false
clinical_review/core_task_packets/kdd2027_shock_fluid_bolus_binary.md,99f08f52d6fb19259d98f956d9ea50310c5d1768,historical_or_credentialed_evidence_excluded,false
clinical_review/packet_index.csv,a6337f2d7c995600de5a28f9da4e8d3d625f1067,historical_or_credentialed_evidence_excluded,false
clinical_review/reviewer_response_template.md,f75a75942cb3bf643277174870bbdfa1f83ae937,historical_or_credentialed_evidence_excluded,false
clinical_review/task_packets/af_rate_rhythm_k25/action_evidence.csv,03c80918f3214e7ca32b8485487ec926634824ff,historical_or_credentialed_evidence_excluded,false
clinical_review/task_packets/af_rate_rhythm_k25/review_packet.md,af7e115449d73756a65438f429000c1e4cd5ea36,historical_or_credentialed_evidence_excluded,false
clinical_review/task_packets/af_rate_rhythm_k25/reviewer_response.csv,8614954285bfb2a71455c441b20248291a4c7d70,historical_or_credentialed_evidence_excluded,false
clinical_review/task_packets/aki_no_rich_action_exclusion/action_evidence.csv,8060c3864a829a85241420164102002dfab665b2,historical_or_credentialed_evidence_excluded,false
clinical_review/task_packets/aki_no_rich_action_exclusion/review_packet.md,8528e7113ec59494094d2ae18e0f3aae9c939f18,historical_or_credentialed_evidence_excluded,false
clinical_review/task_packets/aki_no_rich_action_exclusion/reviewer_response.csv,84e0931600d6786e68c8c7c01e96810e0c2d8c97,historical_or_credentialed_evidence_excluded,false
clinical_review/task_packets/ami_fluid_vasopressor_k25/action_evidence.csv,b9ea8f2dde1efaa0c8d4f12c027b3af5688fb4c1,historical_or_credentialed_evidence_excluded,false
clinical_review/task_packets/ami_fluid_vasopressor_k25/review_packet.md,a1b930a5b2668ae0e67f6a4a73253c880cca80eb,historical_or_credentialed_evidence_excluded,false
clinical_review/task_packets/ami_fluid_vasopressor_k25/reviewer_response.csv,59ad84692c56143891b8f5d7450ad2b85a076404,historical_or_credentialed_evidence_excluded,false
clinical_review/task_packets/hf_no_rich_action_exclusion/action_evidence.csv,0016d431e1bb984b0ae4f0d618152f2d67f52d71,historical_or_credentialed_evidence_excluded,false
clinical_review/task_packets/hf_no_rich_action_exclusion/review_packet.md,50cf9dd9c82ac92cd27301fc9a3ba8d704010f3e,historical_or_credentialed_evidence_excluded,false
clinical_review/task_packets/hf_no_rich_action_exclusion/reviewer_response.csv,e03fe15c1d6737fa28bfee0f8ec28bbe9810c228,historical_or_credentialed_evidence_excluded,false
clinical_review/task_packets/respiratory_peep_fio2_observed_k25/action_evidence.csv,d78ac4dbec728cb9d9833b861b4b2f27fa0fb9e5,historical_or_credentialed_evidence_excluded,false
clinical_review/task_packets/respiratory_peep_fio2_observed_k25/review_packet.md,8701c0d83bcd896bbc71dd768131eb167d43b5f7,historical_or_credentialed_evidence_excluded,false
clinical_review/task_packets/respiratory_peep_fio2_observed_k25/reviewer_response.csv,6fbf0a056f4e3f67e68209bd2ee84d8c9b8e81b9,historical_or_credentialed_evidence_excluded,false
clinical_review/task_packets/sepsis_original25_reference/action_evidence.csv,c73e043c0c63f27917ebf6b223b9dcece19f99a1,historical_or_credentialed_evidence_excluded,false
clinical_review/task_packets/sepsis_original25_reference/review_packet.md,e35e90147b17670890f2783362f499b38ae568d9,historical_or_credentialed_evidence_excluded,false
clinical_review/task_packets/sepsis_original25_reference/reviewer_response.csv,80b8629180a1008bb289516d2ede1e5146aa3c3a,historical_or_credentialed_evidence_excluded,false
clinical_review/task_packets/shock_fluid_vasopressor_k25/action_evidence.csv,7f8156f5948583f0ac10a182b18386cbc15f8be8,historical_or_credentialed_evidence_excluded,false
clinical_review/task_packets/shock_fluid_vasopressor_k25/review_packet.md,de26b891010ba29b84c23b72049feb828c9a8cb8,historical_or_credentialed_evidence_excluded,false
clinical_review/task_packets/shock_fluid_vasopressor_k25/reviewer_response.csv,585f8b4fc272010b95e7853f986166c6514f20f7,historical_or_credentialed_evidence_excluded,false
clinical_review/unresolved_construct_validity.csv,28a596f9882bde07ada061134427b04528825703,historical_or_credentialed_evidence_excluded,false
configs/full_benchmark/authoritative_import_receipt.json,d69247861c27f8de9bcaecfa95daf38a260401c4,machine_readable_authoritative_result_identity_excluded,false
configs/full_benchmark/kdd199_authoritative_reference_cells.csv,37f572b5d7e8794511a6188e4503fb95b4aa35b3,machine_readable_authoritative_result_identity_excluded,false
contracts/claim_provenance.csv,1739cdde3d2e333c1f43ab152afe0a30d7ced501,machine_readable_scientific_or_provenance_table_excluded,false
contracts/kdd187_expected_aggregate_inventory.csv,42412226df69ae017d7396b45fc88baa777ca0ab,machine_readable_scientific_or_provenance_table_excluded,false
contracts/kdd187_five_task_contract_manifest.csv,d0e01c2b641f73d52a67c10b2d9d58bab23c42ef,machine_readable_scientific_or_provenance_table_excluded,false
contracts/kdd187_lineage_provenance.csv,183a07813de1f175333db0d5a516fc413eafd75b,machine_readable_scientific_or_provenance_table_excluded,false
contracts/ope_provenance_registry.csv,4a26185eb125995513ce8c5a840da9c408ac6eef,machine_readable_scientific_or_provenance_table_excluded,false
contracts/paper_contract_manifest.csv,180c27de6c75d63c4f3cb74251fceeb973ba6e96,machine_readable_scientific_or_provenance_table_excluded,false
contracts/paper_task_manifest.csv,eb30da9040ccdac52661fb09785d9c89943290e9,machine_readable_scientific_or_provenance_table_excluded,false
credentialed/LOCAL_EVALUATION.md,934f05172ccb7b96605751569e08d948debd4290,historical_or_credentialed_evidence_excluded,false
credentialed/README.md,72ed4b703036c0c6bfb0d57c3be28341dc60395d,historical_or_credentialed_evidence_excluded,false
credentialed/build_local_contract.py,d66479b724543dad492a59abe2fca4edef318b01,historical_or_credentialed_evidence_excluded,false
credentialed/expected/frozen_task_aggregate_checks.csv,2e623cde20492915c3d7ae92cfd078c4989028cd,historical_or_credentialed_evidence_excluded,false
credentialed/sql/00_base_eligible_stays.sql,396bfa45d25fdadc9b2e435f4b3e789911c88bfb,historical_or_credentialed_evidence_excluded,false
credentialed/sql/10_frozen_cohort_anchors.sql,5546e6f2967eb2055434b79e7aec3b8abf9ef61c,historical_or_credentialed_evidence_excluded,false
credentialed/sql/20_four_hour_windows.sql,adbbefefdac820c3a47bbb5f332ae93d676a3e3d,historical_or_credentialed_evidence_excluded,false
credentialed/sql/30_action_exposures.sql,47ba657b7e3b963c2009dec4f3df2ecd6d4e1948,historical_or_credentialed_evidence_excluded,false
credentialed/sql/40_observation_events.sql,0dde9c252322d00f082a02ee80504a24781112d5,historical_or_credentialed_evidence_excluded,false
credentialed/sql/45_static_context.sql,bb05884e46aeb6dd12546c1b0998d0e2d91b6edf,historical_or_credentialed_evidence_excluded,false
credentialed/sql/current_lineage/46_kdd184_corrected_sepsis_dbp.sql,1cc1acb185b848208874a7dcf579be7caa9f886e,historical_or_credentialed_evidence_excluded,false
evidence/README.md,3ec0ebef333945263e81dcfc4ee3b53e38e63e60,historical_or_credentialed_evidence_excluded,false
evidence/audits/kdd091/candidate_set_summary.csv,adb3d1b6cf0a97b6963b791b086c6c0a0dfe8020,historical_or_credentialed_evidence_excluded,false
evidence/audits/kdd091/manuscript_value_reconciliation.csv,a2a9ecc8a8233609e1cf4a02c4bb3890a6af53a5,historical_or_credentialed_evidence_excluded,false
evidence/audits/kdd091/previous_window_control_audit.csv,2873f154793859e3c68a99d5a88833c87ed7a140,historical_or_credentialed_evidence_excluded,false
evidence/audits/kdd093/episode_vs_subject_cluster_conclusions.csv,5b638dae9feaf87b4c721f1598345bfbaa27c8a7,historical_or_credentialed_evidence_excluded,false
evidence/audits/kdd093/subject_cluster_feasibility.csv,85263e5c6629fd939d7e8da65c9c7e53c60eae85,historical_or_credentialed_evidence_excluded,false
evidence/audits/kdd094/aggregate_table_source_audit.csv,a27151a0fe02d676f40040258f7c07c01ac2c8da,historical_or_credentialed_evidence_excluded,false
evidence/audits/kdd094/manuscript_estimand_reconciliation.csv,6040c212b249cadf01c48d50c8f48e8dbbe410d6,historical_or_credentialed_evidence_excluded,false
evidence/audits/kdd094/ope_provenance_matrix.csv,1413fae700d7768104304d870be940a5e379444b,historical_or_credentialed_evidence_excluded,false
evidence/core/contract_transition_leaderboard.csv,c9f8c4b938510ee0c70a7c83acde08f6fb4edb2d,historical_or_credentialed_evidence_excluded,false
evidence/core/contract_vs_seed_variation.csv,d39617779c3b1390aad6e78269a8e733d49d2f06,historical_or_credentialed_evidence_excluded,false
evidence/core/horizon_rank_stability.csv,39503c088cbc487921b8883be3a3fcd0c97f336a,historical_or_credentialed_evidence_excluded,false
evidence/external/feature_mapping_coverage.csv,f30c2dfad42bd99a6175467776b821d0872ab636,historical_or_credentialed_evidence_excluded,false
evidence/external/leader_changes.csv,3f6b2d4e19a170fd3f6b35316ce68a4076b80522,historical_or_credentialed_evidence_excluded,false
evidence/external/mapping_summary.csv,d9c713d6fab8cfa8ba991e7c3a6054b109111d0e,historical_or_credentialed_evidence_excluded,false
evidence/external/mimic_v1_leader_comparison.csv,adcc10543cef7c1e21d15b9f2732971dbdff1959,historical_or_credentialed_evidence_excluded,false
evidence/external/model_ranks.csv,46a4e39a850130dc057dbc9a5ff30f12463d1e91,historical_or_credentialed_evidence_excluded,false
evidence/external/portability_leaderboard.csv,6fa7a7359a47eedaaab79c969579615bc3269810,historical_or_credentialed_evidence_excluded,false
evidence/external/run_config.csv,8ad2a0177ef066aef6aee04b64a2f9aedf86eb2c,historical_or_credentialed_evidence_excluded,false
evidence/quarantine/policy/baseline_catalog.csv,5aaf40c6e13bd316a43d5714ee1d2017f4ed986b,historical_or_credentialed_evidence_excluded,false
evidence/quarantine/policy/behavior_quality.csv,ad03fa5f2db984e2ba5ec3d0b99c7765b1126f7b,historical_or_credentialed_evidence_excluded,false
evidence/quarantine/policy/denominator_rank_sensitivity.csv,21d54d22cb76e0d04a08b335e37297469b1792d5,historical_or_credentialed_evidence_excluded,false
evidence/quarantine/policy/ess_by_denominator_horizon.csv,65b51768c456304a47d2a6fcb359656000ad10b8,historical_or_credentialed_evidence_excluded,false
evidence/quarantine/policy/fqe_summary.csv,750f862b0dedc6eed77e2f031184c8e102f8e802,historical_or_credentialed_evidence_excluded,false
evidence/quarantine/policy/ope_wis_wpdis_clipping.csv,a3b5f347461486e35163b90acb2e5a31e3c6c1f4,historical_or_credentialed_evidence_excluded,false
evidence/quarantine/policy/task_policy_status.csv,485930f88619a0b9b2bc65d8cc55176fb09cc68d,historical_or_credentialed_evidence_excluded,false
evidence/rich_action/fixed_baseline_transition.csv,6b7ffb16acef5d01bf5e5f9c187952d2e1f36c74,historical_or_credentialed_evidence_excluded,false
evidence/rich_action/task_role_matrix.csv,51f2fed621893dd2c33e06f3fd9927531c9b0d95,historical_or_credentialed_evidence_excluded,false
evidence/temporal/leader_rank_comparison_vs_v1.csv,2dccf07492d13036783a67a930be6dbf9c67917b,historical_or_credentialed_evidence_excluded,false
evidence/temporal/rank_stability.csv,302f5e3e48c134c148c6b0230b989881e3cdf849,historical_or_credentialed_evidence_excluded,false
evidence/uncertainty/fixed_family_uncertainty.csv,38fad2940ec8cf47054569c6c17f8a20d433ee70,historical_or_credentialed_evidence_excluded,false
public_bundle/artifacts/figure-data/uncertainty_horizon_metrics.csv,10f682c945f91cf8a3a7590d96fc87f6fd712da6,public_bundle_excluded,false
public_bundle/artifacts/figure-data/uncertainty_reliability_metrics.csv,0bd2bc1b9a9275cebb409f438c04b856d91204c8,public_bundle_excluded,false
public_bundle/artifacts/figures/kdd211_environment_paired_inference.pdf,8f8e06840526eedc165a87a7fdfb16400d0c9bc6,public_bundle_excluded,false
public_bundle/artifacts/figures/kdd211_environment_paired_inference.png,7a36979506acc0433345bea421ea687b205e81e8,public_bundle_excluded,false
public_bundle/artifacts/figures/uncertainty_overview_revised.pdf,7b1b24319a80c68f43c50b736eea98142c4da4df,public_bundle_excluded,false
public_bundle/artifacts/figures/uncertainty_overview_revised.png,d05da835d70ca128fe5d2350d0f934dd0daef6d3,public_bundle_excluded,false
public_bundle/artifacts/tables/current_five_cohort_real_ehr_policy_diagnostics.csv,1c8a0e2b5ac2d9f07cbb80a532186008b06f5c78,public_bundle_excluded,false
public_bundle/artifacts/tables/current_five_cohort_real_ehr_policy_diagnostics.tex,bec0da14d0133e223eb86c0ad3c6dc7afb0c8a61,public_bundle_excluded,false
public_bundle/artifacts/tables/current_real_ehr_ope_by_estimator.csv,ed932fbda815388143069e1d2c5a8c2097bed800,public_bundle_excluded,false
public_bundle/artifacts/tables/current_real_ehr_ope_by_estimator.tex,382bc29f0fee9d1a444c3453cb6dc0c40aeef5e0,public_bundle_excluded,false
public_bundle/artifacts/tables/five_cohort_transition_uncertainty.csv,17bb401febd6411a9ce5485ba19c799a7d488a56,public_bundle_excluded,false
public_bundle/artifacts/tables/five_cohort_transition_uncertainty.tex,434576d15b731fa5642dc2683fbaf198550f61e1,public_bundle_excluded,false
public_bundle/artifacts/tables/kdd211_all_method_environment_paired.csv,f2e37e0be2811cb79e8de2625fac35b54b7e9e41,public_bundle_excluded,false
public_bundle/artifacts/tables/kdd211_all_method_environment_paired.tex,2ebe4805420a1d7f543c9b0850060b72c64094f2,public_bundle_excluded,false
public_bundle/artifacts/tables/kdd211_estimator_paired_contrasts.csv,da801ac4bfaad71581630714fddd9cccf191762d,public_bundle_excluded,false
public_bundle/artifacts/tables/kdd211_estimator_paired_contrasts.tex,b8c9c42c8c6fa5c0f5a6a9de26e1f6c9e72d382c,public_bundle_excluded,false
public_bundle/kdd211_source_manifest_receipt.csv,0a7aa6b46bbb8a05afd0a36c20d2a9a65241ac11,public_bundle_excluded,false
public_bundle/public_manuscript_aggregate_bundle_manifest.csv,a797d770372c70640d7e1056e592c329e73cd713,public_bundle_excluded,false
release/kdd212/clean_clone_table_figure_rebuild_receipt.csv,be52855c616d5dff9bd5d4661fdd2956f0d92048,historical_or_credentialed_evidence_excluded,false
release/kdd212/clean_install_and_synthetic_fixture_receipt.csv,083f39aa1dd108fb25819d1ec85e64a5609a561c,historical_or_credentialed_evidence_excluded,false
release/kdd212/decision.md,c35654e69f4b76041e35079c69189a23fe1ae233,historical_or_credentialed_evidence_excluded,false
release/kdd212/failure_ledger.csv,c8fbc585dddf1db696ecff5205c5f248fc5300f7,historical_or_credentialed_evidence_excluded,false
release/kdd212/frozen_kdd212_public_entrant_release_contract.md,5b4ae870b1fcfa0dbeaa6a455432e3121da5ab36,historical_or_credentialed_evidence_excluded,false
release/kdd212/independent_reconstruction_handoff.md,96e2c4822f462c5351ca3ac894006b9db87f9115,historical_or_credentialed_evidence_excluded,false
release/kdd212/manuscript_output_hash_parity.csv,ab7d2b93dc9b2482e3044be108a28c470d120cec,historical_or_credentialed_evidence_excluded,false
release/kdd212/public_commit_and_remote_receipt.csv,219ef2004ff9dfa13841cf7f7b4950fd77c1c85c,historical_or_credentialed_evidence_excluded,false
release/kdd212/public_manuscript_aggregate_bundle_manifest.csv,a797d770372c70640d7e1056e592c329e73cd713,historical_or_credentialed_evidence_excluded,false
release/kdd212/public_pomdp_direct_return_smoke_receipt.csv,9c9445ba2e4b1f85265cec72c9989c8c7437ffb5,historical_or_credentialed_evidence_excluded,false
release/kdd212/public_repeated_ope_smoke_receipt.csv,7903a8b199e14f48caacea18f551d078df7f64c2,historical_or_credentialed_evidence_excluded,false
release/kdd212/public_source_and_dependency_manifest.csv,d807fa89d60d057f6a881726723a40c53e03af0d,historical_or_credentialed_evidence_excluded,false
release/kdd212/restricted_data_boundary_and_privacy_scan.csv,a20626c245456ee9de580b1b907caae35832deb6,historical_or_credentialed_evidence_excluded,false
release/kdd212/result_audit.md,7f81b4b068ca1d6e3a70aee4b8975d9dfb174a2e,historical_or_credentialed_evidence_excluded,false
release/kdd212/transition_submission_validator_receipt.csv,826747e8cf63e3ad83f47363702d4f45fad4e47c,historical_or_credentialed_evidence_excluded,false
release/kdd214/canonical_serialization_spec.md,b067282a5520ad83669e42bf5a8ea66eaf3e5edf,historical_or_credentialed_evidence_excluded,false
release/kdd214/clean_install_and_test_receipt.md,aba48f44cccdefcd7dc3d06cf92d04c621a60139,historical_or_credentialed_evidence_excluded,false
release/kdd214/cross_python_byte_hash_parity.csv,4d45c1898840ccc076e28232d78f288867524897,historical_or_credentialed_evidence_excluded,false
release/kdd214/cross_python_semantic_drift.csv,926d24762ca82d1cd8edfadefbfd3fab00919f07,historical_or_credentialed_evidence_excluded,false
release/kdd214/decision.md,2747df5fab9a0bde5a8c477125cc0ecd06165a62,historical_or_credentialed_evidence_excluded,false
release/kdd214/dependency_and_sbom_receipt.md,c3c9d117f9340b22067a13001f64c75a12196586,historical_or_credentialed_evidence_excluded,false
release/kdd214/failure_ledger.csv,dd275b758518f3116f4d8240021b6771db825f90,historical_or_credentialed_evidence_excluded,false
release/kdd214/frozen_kdd214_release_validation_contract.md,2a111b471b0038203e51a2524f0ef8892bc36219,historical_or_credentialed_evidence_excluded,false
release/kdd214/privacy_scan.csv,9abecee2e4837a7ba31a20dd401a03eeb87dd8d6,historical_or_credentialed_evidence_excluded,false
release/kdd214/python_version_dependency_matrix.csv,827007b807344ae68ee818a28b670f3cda3e5ac4,historical_or_credentialed_evidence_excluded,false
release/kdd214/released_schema_to_validator_matrix.csv,bdf873312e0e265156de5586b3bd5ba7c9f540af,historical_or_credentialed_evidence_excluded,false
release/kdd214/result_audit.md,8386379fa1108846734353558b2d1a67d6922b9c,historical_or_credentialed_evidence_excluded,false
release/kdd214/schema_positive_and_negative_test_inventory.csv,1e23937df12d419f23d8b9d54624e7d6f0d50438,historical_or_credentialed_evidence_excluded,false
release/kdd214/static_vs_computed_hash_contract.md,b19981d626760daeb3ef2491446bbc802227eca6,historical_or_credentialed_evidence_excluded,false
release/kdd215/authoritative_source_to_public_port_matrix.csv,625c4aa38993d4557c63c0ab3b7aa32f007d1ca8,historical_or_credentialed_evidence_excluded,false
release/kdd215/built_in_reference_parity.csv,5313eb20ef611b5b0868b9c43d03fd8256571089,historical_or_credentialed_evidence_excluded,false
release/kdd215/clean_install_full_example_receipt.csv,c1d8c8bd1c287950e56ac7ebe8adbe281a03257e,historical_or_credentialed_evidence_excluded,false
release/kdd215/component_forecasting_results.csv,df1c2e726fcba1f1b1dd31cbf7272ccf8f5cda3f,historical_or_credentialed_evidence_excluded,false
release/kdd215/decision.md,f3a7b9f15daa13ea57fb846b3eee8161d5deb1dd,historical_or_credentialed_evidence_excluded,false
release/kdd215/entrant_estimator_accuracy_summary.csv,30ea446df77d3dd7fb1b21ba3cf97f90c203018c,historical_or_credentialed_evidence_excluded,false
release/kdd215/environment_paired_return_contrasts.csv,95844d2fccb37b6de98662c6d017d731885ad9be,historical_or_credentialed_evidence_excluded,false
release/kdd215/environment_profile_seed_and_role_manifest.csv,57cbacf0081feabf7a1913de4f6236972ab0fb55,historical_or_credentialed_evidence_excluded,false
release/kdd215/failure_ledger.csv,2be51a853ab431c4cd5e55987bdfd6ee826cde85,historical_or_credentialed_evidence_excluded,false
release/kdd215/frozen_kdd215_full_entrant_contract.md,649f2a9748bf894da3bb078192ba08f01586a023,historical_or_credentialed_evidence_excluded,false
release/kdd215/full_320_dataset_ope_results.csv,03ec4f47829c9b3b594ba32478c559aec330a5a6,historical_or_credentialed_evidence_excluded,false
release/kdd215/full_40_environment_direct_returns.csv,dfe25ffe30eab52787bbe26e205872405029c0af,historical_or_credentialed_evidence_excluded,false
release/kdd215/full_suite_generation_receipt.csv,605211c97d0f3a2385c3533701e19f517bae972c,historical_or_credentialed_evidence_excluded,false
release/kdd215/historical_kdd212_smoke_nonpooling.md,51b7bada88b2c357a267da71cb4183ccea3e70b7,historical_or_credentialed_evidence_excluded,false
release/kdd215/optional_prt_planner_results_or_nonavailability.csv,73a0d20a9ae6139bcfc98b828077b08dd9f0315a,historical_or_credentialed_evidence_excluded,false
release/kdd215/privacy_scan.csv,59dde1a4261776774f26be17110cc66a25ef92c0,historical_or_credentialed_evidence_excluded,false
release/kdd215/public_vs_protected_evaluation_boundary.md,09e2acc8a77379036961b694cbbcd65d2130d2f9,historical_or_credentialed_evidence_excluded,false
release/kdd215/resource_runtime_and_failure_summary.csv,a9710a64bb2d676aaad379c71cb511c93f82aa76,historical_or_credentialed_evidence_excluded,false
release/kdd215/result_audit.md,80fcf4df598c01b29874c3aeb02c6719136a9d15,historical_or_credentialed_evidence_excluded,false
release/kdd215/supported_runtime_hash_parity.csv,113dfb977558fe662e063b1c7447247e8774781e,historical_or_credentialed_evidence_excluded,false
release/kdd215r/component_numeric_vs_structural_nonavailability.csv,5e5c2666cd374cfddeac7d5a948c58a7ff63f6e7,historical_or_credentialed_evidence_excluded,false
release/kdd215r/decision.md,720c9d004608549b9c4456215403ab1a199c0978,historical_or_credentialed_evidence_excluded,false
release/kdd215r/failure_ledger.csv,39d81840175d6aef179dc242e650893d681e45e4,historical_or_credentialed_evidence_excluded,false
release/kdd215r/four_axis_capability_matrix.csv,84f3f4157cac8eb69f6ab665021cb76f1189d745,historical_or_credentialed_evidence_excluded,false
release/kdd215r/frozen_kdd215r_gate_disaggregation_contract.md,dfb7acf6d3b8bdb29057d988f8e9b77a72d107a4,historical_or_credentialed_evidence_excluded,false
release/kdd215r/full_suite_count_and_nesting_receipt.csv,4a991a3f1ceed7b20cfee550e63bac7e08810307,historical_or_credentialed_evidence_excluded,false
release/kdd215r/generator_and_official_behavior_parity.csv,533eb721aad6e05d73defee09782f20ada273baa,historical_or_credentialed_evidence_excluded,false
release/kdd215r/historical_reference_nonreconstruction_matrix.csv,1447a517a4f1fe751eaf46f38a1fec2f732d2d4b,historical_or_credentialed_evidence_excluded,false
release/kdd215r/immutable_kdd215_source_and_checksum_identity.csv,f04a6aa2b64c19d55a080b77ec10345105035e76,historical_or_credentialed_evidence_excluded,false
release/kdd215r/kdd216r_authorization_or_nonexecution.md,5813062bc0790b5d514a47384fceda2a9d9f4b3d,historical_or_credentialed_evidence_excluded,false
release/kdd215r/privacy_scan.csv,037b6db2bd4b1f7b68aa97aa7cf1040ae5bd5ac6,historical_or_credentialed_evidence_excluded,false
release/kdd215r/public_claim_allow_deny_matrix.csv,7bd4bea23a61e868da12a45af4a986e83fd10dcb,historical_or_credentialed_evidence_excluded,false
release/kdd215r/result_audit.md,0b00dded63b783d55d0da52055fb8a52b23f7438,historical_or_credentialed_evidence_excluded,false
release/kdd215r/role_isolation_and_entrant_security_receipt.csv,3bde210f74fc1875265fa1bb7f5f28903e701a52,historical_or_credentialed_evidence_excluded,false
release/kdd216r/bounded_release_notes.md,c8b580fd6f1ce9a8de6737b95a0667c2ccaf82aa,historical_or_credentialed_evidence_excluded,false
release/kdd216r/checksum_and_privacy_receipt.csv,5d823c9b3ae02be555ef8a9739790f544c0a5cb6,historical_or_credentialed_evidence_excluded,false
release/kdd216r/component_one_step_and_nonavailability_receipt.csv,ede03639e3be418f14ddf06df5c4445b411415dc,historical_or_credentialed_evidence_excluded,false
release/kdd216r/cross_python_canonical_hash_receipt.csv,64b6a7d6335ff8bc785f7ca9435c7c9757f6ca2e,historical_or_credentialed_evidence_excluded,false
release/kdd216r/decision.md,6273a0e46a21b75e519a711a38e3899d8cfd98aa,historical_or_credentialed_evidence_excluded,false
release/kdd216r/failure_ledger.csv,1d01731734eb0d80032240d75564f8a7fd91f5bc,historical_or_credentialed_evidence_excluded,false
release/kdd216r/fresh_policy_entrant_identity.csv,37cff1d61b72a6eefabab7542284a3983452f3fc,historical_or_credentialed_evidence_excluded,false
release/kdd216r/frozen_kdd216r_clean_clone_contract.md,3a50c3ab8cd7943104e092dbdd353bfcc9093c22,historical_or_credentialed_evidence_excluded,false
release/kdd216r/full_direct_return_clean_clone_receipt.csv,1dbae384e7c28b17700de310219c4837ae9eb3c4,historical_or_credentialed_evidence_excluded,false
release/kdd216r/full_repeated_ope_clean_clone_receipt.csv,c7fb366c176d89e3e782fb3af92859fe83fda21c,historical_or_credentialed_evidence_excluded,false
release/kdd216r/full_suite_count_and_nesting_receipt.csv,1b9fb1d7e23e1497808e83fad564971600aad767,historical_or_credentialed_evidence_excluded,false
release/kdd216r/hidden_dependency_scan.csv,1fd901139e04dec59259dca7ab9fcbcf02b3c83d,historical_or_credentialed_evidence_excluded,false
release/kdd216r/historical_reference_parity_exclusion.md,9bad1576ae12c468da9230c898eb4e157bc64829,historical_or_credentialed_evidence_excluded,false
release/kdd216r/immutable_clone_commit_and_environment.json,e0cc90518664c0d1fad4a518e9343d1fd75f6801,historical_or_credentialed_evidence_excluded,false
release/kdd216r/official_behavior_evaluator_parity.csv,d22630faed136caaadcd6bcf56a640a9702a95ab,historical_or_credentialed_evidence_excluded,false
release/kdd216r/privacy_scan.csv,bc40ac8e20ee8f7040e4350643bf710b86556063,historical_or_credentialed_evidence_excluded,false
release/kdd216r/public_only_command_log.txt,0f8794b85205d16192a0b0c10ac9a29ddcc3b4f0,historical_or_credentialed_evidence_excluded,false
release/kdd216r/result_audit.md,3a27d1466e1b8adc7fc448f2c87c225263180baf,historical_or_credentialed_evidence_excluded,false
release/kdd216r/runtime_memory_disk_profile.csv,8b2941debecfa0d7ed897a1ff13674bfc41ab265,historical_or_credentialed_evidence_excluded,false
release/kdd216r/schema_and_invalid_fixture_receipt.csv,5a54836f87b9e45a5cdcfa3b5615496004d68b46,historical_or_credentialed_evidence_excluded,false
release/kdd217ar3a/action_cutpoint_and_role_contract.csv,832309f3c572940a8f6978d8308eb43a30561526,historical_or_credentialed_evidence_excluded,false
release/kdd217ar3a/authoritative_to_public_source_symbol_map.csv,b8eec1c02c787116581fa5fc235244a4c33d93bc,historical_or_credentialed_evidence_excluded,false
release/kdd217ar3a/authoritative_vs_public_synthetic_differential_receipt.csv,40b6fe6c15791e8ac21f8fc62b2f5688bdcf9928,historical_or_credentialed_evidence_excluded,false
release/kdd217ar3a/credentialed_aggregate_receipt.schema.json,c2dcf1db7afdcc901b051e99c3878110bafc465c,historical_or_credentialed_evidence_excluded,false
release/kdd217ar3a/current_lineage_dependency_closure.csv,e6cf21e7e9cd4e01d73265462427573a6711c541,historical_or_credentialed_evidence_excluded,false
release/kdd217ar3a/decision.md,432f7e7644b09c7ee44f2c68786be74dd207d157,historical_or_credentialed_evidence_excluded,false
release/kdd217ar3a/failure_ledger.csv,d0917c7cc81a7fca6081519f1835934325e5144b,historical_or_credentialed_evidence_excluded,false
release/kdd217ar3a/five_task_executable_contract.csv,6fbc5f39345065c3800861c32e3c5f233bdbd994,historical_or_credentialed_evidence_excluded,false
release/kdd217ar3a/frozen_python_flat_file_reconstruction_contract.md,4aeede22995e162df4f99eaa52e12c1414698fa4,historical_or_credentialed_evidence_excluded,false
release/kdd217ar3a/hidden_path_and_restricted_dependency_scan.csv,d0e210c2a929dc8a1b185aad7c57a563cdfc8066,historical_or_credentialed_evidence_excluded,false
release/kdd217ar3a/itemid_regex_feature_and_unit_hash_manifest.csv,319ae8e48fef1888c27c3386f3d7def7746573fb,historical_or_credentialed_evidence_excluded,false
release/kdd217ar3a/kdd217ar3b_authorization_or_nonexecution.md,6ae2d793099e49744262776269d8868865086f8e,historical_or_credentialed_evidence_excluded,false
release/kdd217ar3a/mimiciv_v3_1_input_file_and_column_contract.csv,d96a6adbcfdc0f62553ec5f52a848688dd14d552,historical_or_credentialed_evidence_excluded,false
release/kdd217ar3a/public_export_allowlist_and_privacy_receipt.csv,7af574d7df8671a0851e8b8e81a58421048e2d3c,historical_or_credentialed_evidence_excluded,false
release/kdd217ar3a/result_audit.md,f3aa75407aa81d7faf6422a23ab2b328fa0b8381,historical_or_credentialed_evidence_excluded,false
release/kdd217ar3a/reward_timing_and_termination_contract.csv,2028855f2e8b6eb4a18eb3e4fa5939ac26ca9126,historical_or_credentialed_evidence_excluded,false
release/kdd217ar3a/synthetic_fixture_inventory.csv,60a5117e87fd78596a0844fc145bb18f9f6a1cd8,historical_or_credentialed_evidence_excluded,false
release/kdd217ar3a/valid_and_invalid_schema_fixture_receipt.csv,b1f5e10ca7247130af293e6938ea36566b07f9f1,historical_or_credentialed_evidence_excluded,false
release/kdd217ar3ar/action_reward_termination_differential.csv,bbdaf5438c2452ca185e2e83948ff99e415a2545,historical_or_credentialed_evidence_excluded,false
release/kdd217ar3ar/authoritative_source_hash_and_symbol_map.csv,403846e142409d23370ebe0c1f1d55bcbd5878bc,historical_or_credentialed_evidence_excluded,false
release/kdd217ar3ar/decision.md,667092bdc0931cd3c04bbfd6bb5fe9f887f05595,historical_or_credentialed_evidence_excluded,false
release/kdd217ar3ar/dense_internal_vs_safe_interface_contract.csv,cdc0bb486e23706575864f204ef2ad0502cdf5ae,historical_or_credentialed_evidence_excluded,false
release/kdd217ar3ar/failure_ledger.csv,fba140e3a06dfeb99a61da8c6c1598d9e8560ee5,historical_or_credentialed_evidence_excluded,false
release/kdd217ar3ar/five_task_end_to_end_differential.csv,39b8b2508506949a18ebbe3e8553db637337c8e2,historical_or_credentialed_evidence_excluded,false
release/kdd217ar3ar/frozen_kdd217ar3ar_repair_contract.md,467c72f3ee4f6cad8ff782cf5d223642823028df,historical_or_credentialed_evidence_excluded,false
release/kdd217ar3ar/heart_failure_large_lineage_differential.csv,9252b29fd612e7931c5c574917c1359c9812cfdc,historical_or_credentialed_evidence_excluded,false
release/kdd217ar3ar/interval_action_and_ventilation_overlap_parity.csv,b293d29b537b32f4ea7ac4f9b1da63ad2a427a7b,historical_or_credentialed_evidence_excluded,false
release/kdd217ar3ar/kdd151_unit_feature_and_derived_repair_parity.csv,b3c16432c2df356751ff1e4a9f51a6eb1e9ee67d,historical_or_credentialed_evidence_excluded,false
release/kdd217ar3ar/kdd217ar3b_authorization_or_nonexecution.md,a5b7459e925726658557321d533d87abb9d81373,historical_or_credentialed_evidence_excluded,false
release/kdd217ar3ar/remaining_dependency_and_hidden_path_scan.csv,2a0f9407cb9e8ea69ce6403fec128eea35683241,historical_or_credentialed_evidence_excluded,false
release/kdd217ar3ar/result_audit.md,87dc8a9b602fabdbb2d6e4da9506bddfa186bd4c,historical_or_credentialed_evidence_excluded,false
release/kdd217ar3ar/stopped_candidate_identity_and_preservation_receipt.csv,cdec83d323eb665ce0eaa2025d3bf8fc98f4fed5,historical_or_credentialed_evidence_excluded,false
release/kdd217ar3ar/task_feature_mask_and_value_differential.csv,e3d85eec1d24c6ebae54fb6df450d5091cce83c2,historical_or_credentialed_evidence_excluded,false
release/kdd217ar3ar/test_schema_checksum_and_privacy_receipt.csv,92a91006b4d950f09b62f5710b3c98a0d5919310,historical_or_credentialed_evidence_excluded,false
release/kdd220a/clean_clone_install_test_schema_checksum_receipt.csv,669605c033434a1675a97629932b1594f4ea6be1,historical_or_credentialed_evidence_excluded,false
release/kdd220a/current_task_lineage_router.csv,e878af75d5a9371775c0fe3a63868ced56b52969,historical_or_credentialed_evidence_excluded,false
release/kdd220a/decision.md,659cf0ca8073047fa83e3848151869199e05b744,historical_or_credentialed_evidence_excluded,false
release/kdd220a/episode_horizon_vs_extraction_buffer_contract.csv,c93935694dd5632349fd33ba18b17626e01f42f8,historical_or_credentialed_evidence_excluded,false
release/kdd220a/failure_ledger.csv,ca2981c0e092990ed0383ba932020cd75cc3524f,historical_or_credentialed_evidence_excluded,false
release/kdd220a/five_task_synthetic_temporal_and_interface_parity.csv,75d0a95dedbd3f75867e966b4041098162d4b631,historical_or_credentialed_evidence_excluded,false
release/kdd220a/frozen_source_closed_five_task_reconstruction_contract.md,fbc5a9b0b1a4398f3c46d9c1aa39c7a10427cf53,historical_or_credentialed_evidence_excluded,false
release/kdd220a/historical_config_to_public_source_provenance.csv,fc4aa42eeb129ac0415a8a0f188e8addebb409eb,historical_or_credentialed_evidence_excluded,false
release/kdd220a/kdd220b_authorization_or_nonexecution.md,e8b9cb35b9ab03efa24ddbefec806d055e9dd365,historical_or_credentialed_evidence_excluded,false
release/kdd220a/public_credentialed_reconstruction_instructions.md,4db2accaa8a9964c901b8046ca39f0b26558b99d,historical_or_credentialed_evidence_excluded,false
release/kdd220a/public_runtime_config_inventory.csv,0a25f52d4400f9175dcdfa687c772c8cda322541,historical_or_credentialed_evidence_excluded,false
release/kdd220a/result_and_private_path_dependency_scan.csv,cbaf74b20407081968a9e3c3ae3395935e32d8fd,historical_or_credentialed_evidence_excluded,false
release/kdd220a/result_audit.md,426abbc65dd7a92e20bd24dae65ade69d8adf0c0,historical_or_credentialed_evidence_excluded,false
release/kdd220ar2/authoritative_invalid_stay_source_map.csv,d92aa9c52a00fd2916ee8ae8f43e3c047c4780f8,historical_or_credentialed_evidence_excluded,false
release/kdd220ar2/clean_clone_install_test_schema_checksum_receipt.csv,cfd51a96cc2af8d011cb2c87ca4fdd84149d90d9,historical_or_credentialed_evidence_excluded,false
release/kdd220ar2/decision.md,1db514cbaa43d9c6acb83bd1d8f3cf90c4f729d1,historical_or_credentialed_evidence_excluded,false
release/kdd220ar2/failure_ledger.csv,2c5360d00cbc7bd653659cdb388a2c8d470d873f,historical_or_credentialed_evidence_excluded,false
release/kdd220ar2/five_task_synthetic_nonregression.csv,afb7ea5d31483deab910ad7566e796c8ec0c7c36,historical_or_credentialed_evidence_excluded,false
release/kdd220ar2/frozen_kdd220ar2_corrected_preservation_and_eligibility_contract.md,a70646a5d87423ed6b3765dcef91063162843386,historical_or_credentialed_evidence_excluded,false
release/kdd220ar2/invalid_stay_filter_order_before_after.csv,2f2d819d6f4faa6f5fdb75f739fc66a71fabf6d5,historical_or_credentialed_evidence_excluded,false
release/kdd220ar2/kdd220ar_nonexecution_and_hash_definition_correction.md,cd69939fac00803cc043be1a1e78c664b1b33985,historical_or_credentialed_evidence_excluded,false
release/kdd220ar2/kdd220br_authorization_or_nonexecution.md,13afea64901a04e7bb383aeed2ea9c644d5a3b96,historical_or_credentialed_evidence_excluded,false
release/kdd220ar2/official_shape_time_eligibility_fixture_receipt.csv,49032e9321bb2a39ff80a04872e0d87616a545c0,historical_or_credentialed_evidence_excluded,false
release/kdd220ar2/result_audit.md,e9e6f2f6147fe6309f5f02033d9592ed7f6ea93d,historical_or_credentialed_evidence_excluded,false
release/kdd220ar2/runtime_dependency_and_privacy_scan.csv,dc27a8a14c1ccc0806506ee4bfceef0ffc6fdd0c,historical_or_credentialed_evidence_excluded,false
release/kdd220ar2/stopped_kdd220b_dual_identity_and_file_inventory.csv,6e028838ae904ff5c38422fa1d7863bf72799a61,historical_or_credentialed_evidence_excluded,false
release/kdd220ar3/aki_two_window_regression_results.csv,1be16a5656ac10ef997a98e6ac33b2609adbf272,historical_or_credentialed_evidence_excluded,false
release/kdd220ar3/authoritative_aki_source_to_public_mapping.csv,05f3663944b1cc26bf0d2edb99484d391f14eb59,historical_or_credentialed_evidence_excluded,false
release/kdd220ar3/bounded_memory_static_and_fixture_receipt.csv,3fabcfe549af5cec4fe9cbd855c4f3cf5406374e,historical_or_credentialed_evidence_excluded,false
release/kdd220ar3/chunk_size_and_compression_invariance.csv,a6162ed7abc4a5b79f59232b2644b4de0f8ab9a8,historical_or_credentialed_evidence_excluded,false
release/kdd220ar3/clean_clone_smoke_receipt.csv,ff2fbbb25827048e70a57f969b500766cc457fb6,historical_or_credentialed_evidence_excluded,false
release/kdd220ar3/decision.md,7e67ba1b2706002ddce7783a996b42ac1066d3f5,historical_or_credentialed_evidence_excluded,false
release/kdd220ar3/failure_ledger.csv,3c61dacaef8e4313b413761f1078629bec137bd2,historical_or_credentialed_evidence_excluded,false
release/kdd220ar3/five_task_synthetic_nonregression.csv,d28d37664fafa0bde07f5f30cf1562d372833924,historical_or_credentialed_evidence_excluded,false
release/kdd220ar3/frozen_kdd220ar3_authoritative_aki_streaming_contract.md,829caa1be7a0aba9c070230ae6fa65c38fddee06,historical_or_credentialed_evidence_excluded,false
release/kdd220ar3/high_volume_ingestion_path_audit.csv,e33d1154f392dd9de5ba7957f9a1df400c5fd45c,historical_or_credentialed_evidence_excluded,false
release/kdd220ar3/kdd220br2_authorization_or_nonexecution.md,7d0a929280ee49077f3b521b8e8666167c705344,historical_or_credentialed_evidence_excluded,false
release/kdd220ar3/kdd220br2_resource_contract.md,f7d2d154ddb29c91e850ce401b96da55c87b4a44,historical_or_credentialed_evidence_excluded,false
release/kdd220ar3/nullable_key_and_timestamp_conversion_audit.csv,a17090fb982aeb3597f5f4df5165286f69fc6588,historical_or_credentialed_evidence_excluded,false
release/kdd220ar3/preserved_kdd220ar2_source_identity.csv,ca315551078e92f0ce4e782f004c057e5a85d923,historical_or_credentialed_evidence_excluded,false
release/kdd220ar3/preserved_stopped_kdd220br_and_kdd220c_receipt_identity.csv,c47a198268d2b1b46396cdfc7fbf41d5f3d4d7c4,historical_or_credentialed_evidence_excluded,false
release/kdd220ar3/result_audit.md,3a420c08f4d1a6653cd9c17702948bbb0cd880ab,historical_or_credentialed_evidence_excluded,false
release/kdd220ar3/schema_checksum_and_privacy_scan.csv,c51e5b99a80a7b6877a11b9779d2915cd6af1148,historical_or_credentialed_evidence_excluded,false
release/kdd220ar4/authoritative_respiratory_action_filter_source_map.csv,37e5675b452a863449cc084c87a71abbfcac591e,historical_or_credentialed_evidence_excluded,false
release/kdd220ar4/chunk_size_and_compression_invariance.csv,1ea8634476d91e43c3699c8957feb40ad27c525e,historical_or_credentialed_evidence_excluded,false
release/kdd220ar4/clean_clone_smoke_receipt.csv,3d0efa865b0ace912fca96cadb132cb6c5688fc8,historical_or_credentialed_evidence_excluded,false
release/kdd220ar4/decision.md,86e5cb8df35caaf79c0117b19de782efbb1d5cf0,historical_or_credentialed_evidence_excluded,false
release/kdd220ar4/failure_ledger.csv,0f57a6413c711577f69a3fe4ce5d2f043b136062,historical_or_credentialed_evidence_excluded,false
release/kdd220ar4/five_task_synthetic_nonregression.csv,a6a72cb1a632fbf097fb300cd53cb31115b2a08a,historical_or_credentialed_evidence_excluded,false
release/kdd220ar4/frozen_kdd220ar4_respiratory_missing_action_contract.md,5d2d7731e1048348c774684803e38384d81fe87f,historical_or_credentialed_evidence_excluded,false
release/kdd220ar4/kdd220br3_authorization_or_nonexecution.md,bb12dfa5b66ba05298e88ae16665541f5d95ca86,historical_or_credentialed_evidence_excluded,false
release/kdd220ar4/kdd220br3_resource_contract.md,ffab2ce7c8e9b16d4770d8316188fb7d5c8ffad1,historical_or_credentialed_evidence_excluded,false
release/kdd220ar4/preserved_kdd220ar3_source_identity.csv,4d74675ee193d9809e82e04a11cab886b6449c50,historical_or_credentialed_evidence_excluded,false
release/kdd220ar4/preserved_stopped_kdd220br2_and_kdd220c2_identity.csv,0afb91b4de7ef5e358814ca94db0245312fd0756,historical_or_credentialed_evidence_excluded,false
release/kdd220ar4/respiratory_action_filter_regression_results.csv,6c9694bbadc15f7d862989bf7951835633415bf1,historical_or_credentialed_evidence_excluded,false
release/kdd220ar4/respiratory_missing_action_before_after.csv,b3f651e38a77c34df0b6e96e2cf0e613e1d5d3be,historical_or_credentialed_evidence_excluded,false
release/kdd220ar4/result_audit.md,caa9f4c857ca81efeb51714d49f9377c5b68b5da,historical_or_credentialed_evidence_excluded,false
release/kdd220ar4/schema_checksum_and_privacy_scan.csv,473c6337a787d7a8320189100ac77c194558fec8,historical_or_credentialed_evidence_excluded,false
release/kdd220ar4/streaming_instrumentation_contract.csv,5a943a81302190e90c6a3ce9bab66b3e9342d0b4,historical_or_credentialed_evidence_excluded,false
release/kdd220ar4/transition_order_and_index_alignment_receipt.csv,846dd6facbcbdc147b61a3e2dc6b5b80c0ce3f70,historical_or_credentialed_evidence_excluded,false
release/kdd220ar5/authoritative_source_commit_and_symbol_map.csv,96bc2ac01ac7ebfc9c0147425a9290b119f91d45,historical_or_credentialed_evidence_excluded,false
release/kdd220ar5/chunk_compression_order_invariance.csv,24c55391e788c592f902ec3d32e5c050a03d732f,historical_or_credentialed_evidence_excluded,false
release/kdd220ar5/decision.md,d2ce0602b3f62e80e5390136b4766208e5690c91,historical_or_credentialed_evidence_excluded,false
release/kdd220ar5/failure_ledger.csv,a0eb0c9b7ba4fe566b1cb5f4a78c399b3af13189,historical_or_credentialed_evidence_excluded,false
release/kdd220ar5/five_task_synthetic_stagewise_differential.csv,edf5fe7ac8bb9173a3eb005b8b6a4599225cfed4,historical_or_credentialed_evidence_excluded,false
release/kdd220ar5/frozen_kdd220ar5_current_lineage_source_port_contract.md,0c13d111946e26d6c2f6729455d8a14dde0bd2f6,historical_or_credentialed_evidence_excluded,false
release/kdd220ar5/kdd201_first_decision_fixture.csv,57080d6aa91a97f7cfb12dab6da7a38626840271,historical_or_credentialed_evidence_excluded,false
release/kdd220ar5/kdd220br4_authorization_or_nonexecution.md,30e0e73d68a2d8f1cbb883f9f172cb2a18cfd392,historical_or_credentialed_evidence_excluded,false
release/kdd220ar5/old_public_vs_authoritative_semantic_difference.csv,f4cac68801d959274c1bdb902dd68ea0eb50a7a1,historical_or_credentialed_evidence_excluded,false
release/kdd220ar5/respiratory_action_vs_safe_feature_mask_fixture.csv,5b5f02c2abe3834a7a280fdd1af7952a2507c84c,historical_or_credentialed_evidence_excluded,false
release/kdd220ar5/result_audit.md,8b6afc0e28980062ed4adb4dcf9898d28c5f227f,historical_or_credentialed_evidence_excluded,false
release/kdd220ar5/sepsis_e060_and_hf_anchor_fixture.csv,cb426a13da9db0b998233db99cbb57f54cf5ffea,historical_or_credentialed_evidence_excluded,false
release/kdd220ar5/source_schema_test_checksum_privacy_receipt.csv,ba17ce69de7e1a569800bec7e8e1e8df00f77341,historical_or_credentialed_evidence_excluded,false
release/kdd220ar5/task_role_window_and_anchor_contract.csv,2e5eb4a89c82a293109d859129a702300fb2ad02,historical_or_credentialed_evidence_excluded,false
release/kdd220ar6/authoritative_respiratory_symbol_and_sequence_map.csv,e981606077783f29e699001fff2707010b9eac1e,historical_or_credentialed_evidence_excluded,false
release/kdd220ar6/chunk_compression_order_python_portability.csv,7d6fb8e2b937a8a5fe23520856d0e0b33cffffc3,historical_or_credentialed_evidence_excluded,false
release/kdd220ar6/cutpoint_encoding_filter_and_kdd201_order_fixture.csv,5cce5ef8ab21de381715cd2bcbf4dcf3e9f0966a,historical_or_credentialed_evidence_excluded,false
release/kdd220ar6/decision.md,2ead2842de120805a5c2d0b197844f2918f2bb40,historical_or_credentialed_evidence_excluded,false
release/kdd220ar6/failure_ledger.csv,ed4e1cdad3807dce97486e5c2e8e79cec1cf7a29,historical_or_credentialed_evidence_excluded,false
release/kdd220ar6/five_task_role_and_digest_schema_receipt.csv,23b7804360afba6513c35ec4196050c4ec5d301d,historical_or_credentialed_evidence_excluded,false
release/kdd220ar6/frozen_kdd220ar6_dual_surface_and_order_contract.md,b4d9b8fa1e76b7e898e23b34904af1f111ed5b74,historical_or_credentialed_evidence_excluded,false
release/kdd220ar6/kdd220br4_failure_to_ar6_code_path_map.csv,77e2d2b6ea1aa617ff7435dff908c129e67d8b07,historical_or_credentialed_evidence_excluded,false
release/kdd220ar6/kdd220br5_authorization_or_nonexecution.md,df25139aa0c051b0cb3d724130ed4862b926a32a,historical_or_credentialed_evidence_excluded,false
release/kdd220ar6/nonrespiratory_br4_delta_source_symbol_disposition.csv,4cf2a59e3cb053a62da3e3b6b7d74e5ca8d1af29,historical_or_credentialed_evidence_excluded,false
release/kdd220ar6/pre_repair_membership_vs_repaired_feature_mask_fixture.csv,15c01be1cb127c26b92792cf98a1e864df076e84,historical_or_credentialed_evidence_excluded,false
release/kdd220ar6/respiratory_action_vs_safe_state_item_unit_contract.csv,d6c5c8e9f0c8884382d3c946fac2ddfff735472d,historical_or_credentialed_evidence_excluded,false
release/kdd220ar6/respiratory_item_level_parser_differential.csv,ffc67e0d9bed5da97776dd510e16148e67f0ab00,historical_or_credentialed_evidence_excluded,false
release/kdd220ar6/respiratory_peep_fio2_joint_action_fixture.csv,c10cba4d733c66f7cd184467406b98a8ac6a6b42,historical_or_credentialed_evidence_excluded,false
release/kdd220ar6/result_audit.md,541e42618e0bcc7997be903526f27ce7d90966c2,historical_or_credentialed_evidence_excluded,false
release/kdd220ar6/source_schema_test_checksum_privacy_receipt.csv,7d8280952d7a58548fcea541870837bf08c6be00,historical_or_credentialed_evidence_excluded,false
release/kdd220ar7/ar6_to_ar7_source_and_scientific_surface_map.csv,91e123c1c99e0b439b6825b3e3078705d488917b,historical_or_credentialed_evidence_excluded,false
release/kdd220ar7/bounded_processing_design_and_semantics.md,1515d9bf0e16e95d8b5df7050229defa10152199,historical_or_credentialed_evidence_excluded,false
release/kdd220ar7/chunk_compression_order_python_parity.csv,88a51ecea1e3c5ef4a1a5d11a8178ccf1bccc3ca,historical_or_credentialed_evidence_excluded,false
release/kdd220ar7/decision.md,a44518224aebb9536ff379bb1f646ec7cab8df19,historical_or_credentialed_evidence_excluded,false
release/kdd220ar7/failure_ledger.csv,401c4edc022ef54f9e5e651879154cf993159bab,historical_or_credentialed_evidence_excluded,false
release/kdd220ar7/five_task_fixture_exact_parity.csv,7c23639f6c9f19ffdc38757d522c6e80ed78a046,historical_or_credentialed_evidence_excluded,false
release/kdd220ar7/frozen_kdd220ar7_memory_repair_contract.md,add7dfab8e5daf1bb4e6bcc259fe0093a1ebee99,historical_or_credentialed_evidence_excluded,false
release/kdd220ar7/generated_stress_peak_rss.csv,0005038d1693d19df9112faac22dfea7b4cb0362,historical_or_credentialed_evidence_excluded,false
release/kdd220ar7/kdd220br6_authorization_or_nonexecution.md,e07dedac550fb9909f1b0e12977c0dc993ece2b0,historical_or_credentialed_evidence_excluded,false
release/kdd220ar7/result_audit.md,4a681a1625ede0387e9189fa38917e82867d143c,historical_or_credentialed_evidence_excluded,false
release/kdd220ar7/retained_frame_and_copy_diagnosis.csv,fc568a28bb4571ee95c2e5085c14ae1d342c5977,historical_or_credentialed_evidence_excluded,false
release/kdd220ar7/schema_test_checksum_clean_clone_receipt.csv,1ac4ae32fe4eaf419d2dff2c0725070ab656c802,historical_or_credentialed_evidence_excluded,false
release/kdd220ar7/stage_resource_instrumentation_schema.json,be385cbdbcee2ffbac8db940bb478eaa3e2387fb,historical_or_credentialed_evidence_excluded,false
release/kdd220ar7/temporary_storage_cleanup_and_privacy_receipt.csv,c5cbcf3533c6c9ec03352741cbf848fabb009efb,historical_or_credentialed_evidence_excluded,false
release/kdd220b/action_reward_termination_interface_parity.csv,8c32fe513fba14cd30cb869d127c2dd81402f247,historical_or_credentialed_evidence_excluded,false
release/kdd220b/decision.md,049983c628115daba90b474f8342a5b3d4af2f8c,historical_or_credentialed_evidence_excluded,false
release/kdd220b/external_credentialed_executor_packet/README.md,16a5fe9b8727a3a1a55a65f71b3181ff88fa6fd5,historical_or_credentialed_evidence_excluded,false
release/kdd220b/external_credentialed_executor_packet/decision.md,4b1874d2078740b578d977e8a6eaaa5be0bb013a,historical_or_credentialed_evidence_excluded,false
release/kdd220b/external_credentialed_executor_packet/environment_manifest.json,6a1e1bec08be59ddfe2ae844a4471da3d3250e16,historical_or_credentialed_evidence_excluded,false
release/kdd220b/external_credentialed_executor_packet/executor_attestation.md,90fdb031b588c86abcb2c48bf94df4e0fbc50b32,historical_or_credentialed_evidence_excluded,false
release/kdd220b/failure_ledger.csv,6d7fe72d6933ab9df9e2679a9aafcfe7f0c6be3e,historical_or_credentialed_evidence_excluded,false
release/kdd220b/five_task_cohort_role_transition_parity.csv,a2f304bbdfd63117f073ebf21a0d4e106638837b,historical_or_credentialed_evidence_excluded,false
release/kdd220b/frozen_author_credentialed_reconstruction_contract.md,0a612cb42239f8c640c4cc8f48210c1012bdaf11,historical_or_credentialed_evidence_excluded,false
release/kdd220b/kdd220c_authorization_or_nonexecution.md,d02745025739388683ed82e9c4f17f07deb06bf2,historical_or_credentialed_evidence_excluded,false
release/kdd220b/local_restricted_differential_summary.csv,9ea9135c097f78289baca345c79ccd19c2aa26e2,historical_or_credentialed_evidence_excluded,false
release/kdd220b/no_rerun_or_affected_rerun_disposition.csv,d2a5017020e33b4a011bba9232431d384bdb9de9,historical_or_credentialed_evidence_excluded,false
release/kdd220b/privacy_scan.csv,c1b67808f83068064101cad90969ab00f61b23da,historical_or_credentialed_evidence_excluded,false
release/kdd220b/result_audit.md,711c3433bc5e180d81a2f51d9b2a0686c849e842,historical_or_credentialed_evidence_excluded,false
release/kdd220b/safe_feature_mask_value_and_preprocessing_parity.csv,dd0ec4d5724496550df62addf179579c6a5c6882,historical_or_credentialed_evidence_excluded,false
release/kdd220b/source_config_and_clean_clone_identity.csv,3d519d5458b01db90962886b939c34df364e3cef,historical_or_credentialed_evidence_excluded,false
release/kdd220m1/affected_task_and_artifact_refresh_manifest.csv,5f414d23897ac25deb3e907c9ec8ad039967b8d1,historical_or_credentialed_evidence_excluded,false
release/kdd220m1/candidate_reuse_or_single_execution_receipt.csv,0cdb9220928181a0c92011981cffdb6a85fb9fec,historical_or_credentialed_evidence_excluded,false
release/kdd220m1/canonical_v2_task_contract_and_manifest.json,7c578ba2837d8126d77cba83380ef0340a76165d,historical_or_credentialed_evidence_excluded,false
release/kdd220m1/decision.md,999e133853e4e50d4df6c782bcebe64f9c7d1d9d,historical_or_credentialed_evidence_excluded,false
release/kdd220m1/digest_and_numeric_surface_disposition.csv,5bb1509872fce812e25569b113ecba5776dd8eb0,historical_or_credentialed_evidence_excluded,false
release/kdd220m1/failure_ledger.csv,15aaa52f7b4198604e87a062ee979e48abff1949,historical_or_credentialed_evidence_excluded,false
release/kdd220m1/five_task_action_reward_termination_migration.csv,5d62917cf6f5b1c1c77963c7caf724bc0071a638,historical_or_credentialed_evidence_excluded,false
release/kdd220m1/five_task_feature_mask_target_migration.csv,076ab71603a4632e61cc2fdd25cddc916a755dae,historical_or_credentialed_evidence_excluded,false
release/kdd220m1/five_task_role_count_migration.csv,5c24f890894e8cc6380517de0286bee5e5263496,historical_or_credentialed_evidence_excluded,false
release/kdd220m1/frozen_kdd220m1_canonical_v2_migration_contract.md,9387600af4d26b07ae0e15035889df13cfb5d7da,historical_or_credentialed_evidence_excluded,false
release/kdd220m1/historical_receipt_identity_and_preservation.csv,9670250edb991d1424b41e31a203fdd5e69a96de,historical_or_credentialed_evidence_excluded,false
release/kdd220m1/kdd220m2_and_kdd245v2_authorization.md,6c51c6f5555f43dbeacab9eeed84cbed23e72bfa,historical_or_credentialed_evidence_excluded,false
release/kdd220m1/privacy_and_private_dependency_scan.csv,c8453045898e37b440a6cb6fa2139e4b1ce8018a,historical_or_credentialed_evidence_excluded,false
release/kdd220m1/public_constructor_config_schema_lock_identity.csv,8a5566b681e1bbb6333db6316cc976d7ec44ec37,historical_or_credentialed_evidence_excluded,false
release/kdd220m1/result_audit.md,fd9e6f8163ce1d837be7d463419a7adcd5ceee06,historical_or_credentialed_evidence_excluded,false
release/kdd235a/accessibility_resource_receipt.csv,bf04f8a0d8dcd885beec6a1d2ab592d8381910b5,historical_or_credentialed_evidence_excluded,false
release/kdd235a/clean_install_clone_and_portability_receipt.csv,ab63a625426d4c5680e1a775a96b6cc8df0855f1,historical_or_credentialed_evidence_excluded,false
release/kdd235a/decision.md,1c6a966c34bbc132f12c716674b09177cf0bec88,historical_or_credentialed_evidence_excluded,false
release/kdd235a/entrant_api_and_component_source_schema.json,a6347fe13f1953edd06366f0dce7309cf106ed59,historical_or_credentialed_evidence_excluded,false
release/kdd235a/failure_ledger.csv,fca7403256c82e599ce05c89a82fc3b3d664ee6c,historical_or_credentialed_evidence_excluded,false
release/kdd235a/frozen_kdd235a_recursive_component_entrant_contract.md,a18f8bbd3efcdfc4567297f0a89274ab09d146dd,historical_or_credentialed_evidence_excluded,false
release/kdd235a/planner_adapter_and_policy_output_schema.json,24b0035e1da3d06c62007ec34c2f3c27e444d082,historical_or_credentialed_evidence_excluded,false
release/kdd235a/positive_and_negative_schema_test_receipt.csv,13ab49f268a510ab024704b02ae2bf1d7d78b4bf,historical_or_credentialed_evidence_excluded,false
release/kdd235a/privacy_scan.csv,d7fbe7b4f1ba7773b9440ea0dcd9edd30e0e2a25,historical_or_credentialed_evidence_excluded,false
release/kdd235a/public_source_and_repaired_mechanism_identity.csv,1c421731c61394984ec56ae91508253b4f613344,historical_or_credentialed_evidence_excluded,false
release/kdd235a/recursive_entrant_request_schema.json,cf8e5c1f8e92dac195c38f487a2c995200633892,historical_or_credentialed_evidence_excluded,false
release/kdd235a/recursive_prediction_output_schema.json,12c3fcbeb52be2433686d3170503a4222f60cc9b,historical_or_credentialed_evidence_excluded,false
release/kdd235a/result_audit.md,665926ad34c20cf6151cbbfc1b2167863201303c,historical_or_credentialed_evidence_excluded,false
release/kdd235a/smoke_metric_completeness_matrix.csv,54dddd6f16c8e8b52578f388395652fa60b559f4,historical_or_credentialed_evidence_excluded,false
release/kdd235a/smoke_profile_environment_inventory.csv,bdfe90c423e8527c3c7ede119174be538e2be6cf,historical_or_credentialed_evidence_excluded,false
release/kdd235b/clean_clone_and_external_package_identity.csv,9fce5cecd1dc94e778171cf03253b24334cb0930,historical_or_credentialed_evidence_excluded,false
release/kdd235b/command_resource_and_artifact_size_receipt.csv,33e9785fcfce28fb45edb01a4fb6463718f8813e,historical_or_credentialed_evidence_excluded,false
release/kdd235b/decision.md,3c3d0d93e9fd5379713204f8c876239af5f7a9aa,historical_or_credentialed_evidence_excluded,false
release/kdd235b/deterministic_rerun_and_checksum_receipt.csv,6c75d2204798b743887015f88e5aa42de1fce94e,historical_or_credentialed_evidence_excluded,false
release/kdd235b/documentation_gap_ledger.csv,bb8cf68a404513fbe79bbf0b788a338372fd9c4c,historical_or_credentialed_evidence_excluded,false
release/kdd235b/entrant_forecasting_and_uncertainty_summary.csv,09a1fc80f9e29789b226821252689457f43790d7,historical_or_credentialed_evidence_excluded,false
release/kdd235b/entrant_planner_direct_return_summary.csv,f7483473584119c4bdde5e18c684beb5bad77ad2,historical_or_credentialed_evidence_excluded,false
release/kdd235b/entrant_repeated_ope_summary.csv,d2c65b332574ac5d71dc88d0e3f1b1f1fb84673d,historical_or_credentialed_evidence_excluded,false
release/kdd235b/failure_ledger.csv,668cadadea1a56df629332dac76d343c45f8f566,historical_or_credentialed_evidence_excluded,false
release/kdd235b/forbidden_internal_import_scan.csv,a061124107d52db1bfdbee7e3f75b1a8a38eb29a,historical_or_credentialed_evidence_excluded,false
release/kdd235b/frozen_kdd235b_full_external_entrant_contract.md,1adb1111a501974f1c1ca489afcf4df507566f6e,historical_or_credentialed_evidence_excluded,false
release/kdd235b/full_profile_environment_metric_completeness.csv,cbe644bd0fbc6f1df2b7cf190a7802c3a52005d9,historical_or_credentialed_evidence_excluded,false
release/kdd235b/privacy_scan.csv,c1dbd9e6ed0f50f6978e63b1555ef2249752965e,historical_or_credentialed_evidence_excluded,false
release/kdd235b/result_audit.md,897fa358b8842fcc855bdb8396f921a741763c79,historical_or_credentialed_evidence_excluded,false
release/kdd235b/smoke_full_overlap_parity.csv,8d5fe25a000354414c33cfdb76deadc128e47d18,historical_or_credentialed_evidence_excluded,false
release/kdd242/SHA256SUMS,f77f0ceae3d9ad213335ca661c1ab3645b261d60,historical_or_credentialed_evidence_excluded,false
release/kdd242/capability_matrix.csv,8f26a9f5f31e92589818ef4a866df717588e98ee,historical_or_credentialed_evidence_excluded,false
release/kdd242/decision.md,190ec04a4f16ce8c63d99826c7b5c8571f9ab5de,historical_or_credentialed_evidence_excluded,false
release/kdd242/failure_ledger.csv,aaa79c361fea370d720a8dd9e3aafcfe0b348ce2,historical_or_credentialed_evidence_excluded,false
release/kdd242/prepublication_validation.csv,0266307b80cbef23ad04265c424cac0f74e6b6b6,historical_or_credentialed_evidence_excluded,false
release/kdd242/privacy_scan.csv,15adec124454f7b24fe6713364856173ce9c6322,historical_or_credentialed_evidence_excluded,false
release/kdd242/publication_receipt.csv,ed126c3d77da624661f3a50e24594d389f9ff20f,historical_or_credentialed_evidence_excluded,false
release/kdd242/quickstart_determinism_receipt.csv,883475249fa8dfdf9b5eb8a621b185fe51dffc5c,historical_or_credentialed_evidence_excluded,false
release/kdd242/release_candidate_audit.md,51fd8a93fe890dcb544dca471562ae401adf5b4c,historical_or_credentialed_evidence_excluded,false
release/kdd242/release_manifest.json,09496c4ea7de0845294072d5cf233d9068b15201,historical_or_credentialed_evidence_excluded,false
release/kdd242/release_notes.md,02a1ab8c965b9055becf0782a2a8326de0d0dfcc,historical_or_credentialed_evidence_excluded,false
release/kdd242/result_audit.md,7fc7416a42ac25e0a26e07e7031beaafb10a4971,historical_or_credentialed_evidence_excluded,false
release/kdd245/author_side_aggregate_parity_receipt.csv,304dc84a5530c6aafea2218ffb5f60ad069bd77a,historical_or_credentialed_evidence_excluded,false
release/kdd245/clean_clone_software_receipt.csv,7d36005478113af4fe876f350962093992c5e5e8,historical_or_credentialed_evidence_excluded,false
release/kdd245/decision.md,14a8baf3161ee672cc529e49fd1a78bfe811ce0c,historical_or_credentialed_evidence_excluded,false
release/kdd245/ehr_component_capability_matrix.csv,f67e947668b58ea82475b5de1336f7a7bf2e179a,historical_or_credentialed_evidence_excluded,false
release/kdd245/failure_ledger.csv,b7ca3106e65957aab277340815a244ac18101386,historical_or_credentialed_evidence_excluded,false
release/kdd245/independent_reconstruction_handoff.md,8410969a57d748c9aa8416397cbaa2a0cbff4665,historical_or_credentialed_evidence_excluded,false
release/kdd245/manifest_and_checksum_receipt.csv,28023caeb9d34eb36c718f20bc945f433ebf4235,historical_or_credentialed_evidence_excluded,false
release/kdd245/privacy_and_private_dependency_scan.csv,e866fed05eb6ec1a4dca38806c38e698c36796cf,historical_or_credentialed_evidence_excluded,false
release/kdd245/public_release_receipt.csv,4646fe273a2e1f18e631fe46ce4af3b6d0f50205,historical_or_credentialed_evidence_excluded,false
release/kdd245/recursive_metric_contract.csv,8644cd35794113ae5a6142665a3a9bba3c498394,historical_or_credentialed_evidence_excluded,false
release/kdd245/result_audit.md,67c6a699c6bf730db3999a72a3c975bbc9bfd595,historical_or_credentialed_evidence_excluded,false
release/kdd245/schema_and_negative_fixture_receipt.csv,03d50215f2de04c8c21125d98ef841316b7c8e4e,historical_or_credentialed_evidence_excluded,false
release/kdd245/synthetic_expected_score_receipt.csv,3a3702879d0d545fabd303a3d6d7e794a750ef7d,historical_or_credentialed_evidence_excluded,false
release/kdd245/termination_and_support_contract.csv,dff5a2623fd31c10a3dea248ea0275b00728d6b8,historical_or_credentialed_evidence_excluded,false
release/kdd245v2/author_side_canonical_v2_execution_receipt.csv,06921e090c9c5267ae0aec7599cd69159efa17d2,historical_or_credentialed_evidence_excluded,false
release/kdd245v2/canonical_v2_lineage_and_refresh_identity.csv,48e08b4881ce0a7e6af405f93dfdbd3e3b8761b1,historical_or_credentialed_evidence_excluded,false
release/kdd245v2/clean_clone_software_receipt.csv,b9f9c4fdca82aa56bc5311af69a76e49d537da83,historical_or_credentialed_evidence_excluded,false
release/kdd245v2/decision.md,e9c4f448f33a981b6e5cffa3f93b8ee706041e22,historical_or_credentialed_evidence_excluded,false
release/kdd245v2/downloaded_archive_replay_receipt.csv,5524bcf2bf5384ca68ad0b4013867daed4011ee3,historical_or_credentialed_evidence_excluded,false
release/kdd245v2/ehr_component_capability_matrix.csv,77eeb1db3a50d5016daf7d1353472a299c3fbd56,historical_or_credentialed_evidence_excluded,false
release/kdd245v2/failure_ledger.csv,9ac4b02d980cb2bd6a9604a21bafd55787bd9e86,historical_or_credentialed_evidence_excluded,false
release/kdd245v2/frozen_kdd245v2_release_contract.md,d1587d98bf7c26e0f7ec19000207b96aa6e85a6b,historical_or_credentialed_evidence_excluded,false
release/kdd245v2/independent_reconstruction_handoff.md,939e8d936bfbf33bfa8118f34c3e2e2eace05563,historical_or_credentialed_evidence_excluded,false
release/kdd245v2/manifest_and_checksum_receipt.csv,15a90a0cd893990fe29be8f8351381432f5d8111,historical_or_credentialed_evidence_excluded,false
release/kdd245v2/privacy_and_private_dependency_scan.csv,40fa45920e06553b33def8123baf341efef184ea,historical_or_credentialed_evidence_excluded,false
release/kdd245v2/public_release_receipt.csv,2e26a81e7448c2f4231e21a5cc7f8f73bf49f8fc,historical_or_credentialed_evidence_excluded,false
release/kdd245v2/recursive_metric_contract.csv,33f08aade523423c797d738139db30824e9d60b3,historical_or_credentialed_evidence_excluded,false
release/kdd245v2/result_audit.md,1a8a7db951d10c4dd4b5012464ae0716de7f5f65,historical_or_credentialed_evidence_excluded,false
release/kdd245v2/schema_and_negative_fixture_receipt.csv,a146241ec64338289216f0a85424ffe093cd180a,historical_or_credentialed_evidence_excluded,false
release/kdd245v2/synthetic_expected_score_receipt.csv,da02b0cfb52c01921294ae54f71d2665fd4c1f8a,historical_or_credentialed_evidence_excluded,false
release/kdd245v2/termination_and_support_contract.csv,138eaa1cf171f1117f9d81dfb841b2ed7e8cad7f,historical_or_credentialed_evidence_excluded,false
release/kdd245v2/v1_to_v2_migration_note.md,39e67baa278ab4a7186075733c057458875bb2ca,historical_or_credentialed_evidence_excluded,false
release/kdd245v2/versioned_future_evaluation_protocol.md,a7abc10a187645c2b9e1d6e764edd46be4329113,historical_or_credentialed_evidence_excluded,false
release/kdd245v2r/author_side_canonical_v2_execution_receipt.csv,4a682dfa1d0b996df45f8f3daadfdb2641ea12f2,historical_or_credentialed_evidence_excluded,false
release/kdd245v2r/canonical_lineage_refresh_and_scorer_identity.csv,ccff4cae3f09db86ca37c0d129b5072c56dce64c,historical_or_credentialed_evidence_excluded,false
release/kdd245v2r/clean_clone_release_candidate_receipt.csv,33ab3bcc11d8b518e2082817311ad9efa79559aa,historical_or_credentialed_evidence_excluded,false
release/kdd245v2r/decision.md,f1d889d2f9d1b62b035b1031f2bd666613defdb6,historical_or_credentialed_evidence_excluded,false
release/kdd245v2r/downloaded_archive_replay_receipt.csv,df1b7aafd14b2648d6a00ee2adf826c0bc651c22,historical_or_credentialed_evidence_excluded,false
release/kdd245v2r/ehr_component_capability_matrix.csv,57cac1b66fa4acce2fcce3e61216d27ce0382108,historical_or_credentialed_evidence_excluded,false
release/kdd245v2r/failure_ledger.csv,b912d830fb5395f28bbb1efc4ce17ea60486f058,historical_or_credentialed_evidence_excluded,false
release/kdd245v2r/frozen_kdd245v2r_release_contract.md,a419751475b06f9a9bcd5984bbc390b0373a968e,historical_or_credentialed_evidence_excluded,false
release/kdd245v2r/independent_reconstruction_handoff.md,c49237d15654d5a5c7a3f17a30f9412d995a5ec2,historical_or_credentialed_evidence_excluded,false
release/kdd245v2r/manifest_and_checksum_receipt.csv,4033ad7082e29670a42afff6ffe1a7ba32670028,historical_or_credentialed_evidence_excluded,false
release/kdd245v2r/privacy_and_private_dependency_scan.csv,cf15350ca51e56704af69a000b310442d3a7431f,historical_or_credentialed_evidence_excluded,false
release/kdd245v2r/public_release_receipt.csv,06a8733930c9c9f2b26da0c259ec95739144ab13,historical_or_credentialed_evidence_excluded,false
release/kdd245v2r/recursive_metric_contract.csv,959d6799be83c974ac10642c29fe2f087275921f,historical_or_credentialed_evidence_excluded,false
release/kdd245v2r/result_audit.md,e2be5f86dfa2975002cff3492d335162d3e3606b,historical_or_credentialed_evidence_excluded,false
release/kdd245v2r/schema_and_negative_fixture_receipt.csv,57f5abf4cd10940d49cf3c93dfaed6da64739f88,historical_or_credentialed_evidence_excluded,false
release/kdd245v2r/synthetic_expected_score_receipt.csv,4f86b2d1052b0aa2b00b2a960090a51135aca224,historical_or_credentialed_evidence_excluded,false
release/kdd245v2r/termination_and_support_contract.csv,9c55decf2896038cb87b10db7f788801ed692d63,historical_or_credentialed_evidence_excluded,false
release/kdd245v2r/versioned_future_evaluation_protocol.md,1e25d3e8c112d9e24fe47c9d72d6890fa2f131a8,historical_or_credentialed_evidence_excluded,false
sbom/kdd214.cdx.json,a5ae47e984d7a27f3c7d34e215d84d330112a706,historical_or_credentialed_evidence_excluded,false
sbom/kdd215.cdx.json,92863ec5f660a8b619edca23da20df44d67d8e14,historical_or_credentialed_evidence_excluded,false
scripts/build_checksum_manifest.py,90f7cedb6ec3a3dd8492f5893f6dff4e6ba74fdf,historical_release_or_result_packaging_tool_excluded,false
scripts/build_kdd212_receipts.py,dd951665c4b1cf146fd1677c732a463dfe638ef2,historical_release_or_result_packaging_tool_excluded,false
scripts/build_kdd214_release_audit.py,985ff368c00e7a87d5497e51497b204401e9f4e1,historical_release_or_result_packaging_tool_excluded,false
scripts/build_kdd214_sbom.py,376565a72e8c63bf3f7d31c23997b1b14cccc819,historical_release_or_result_packaging_tool_excluded,false
scripts/build_kdd215_release_audit.py,0a17247dc1c22dee2695706953b6a7b568ad22cc,historical_release_or_result_packaging_tool_excluded,false
scripts/build_kdd215_sbom.py,75d81bd7b3039c6ece8cc2769edf5cc1e42c02d9,historical_release_or_result_packaging_tool_excluded,false
scripts/build_kdd215r_audit.py,109aa31011793fcfd0ac8e359e16e176e577bc8f,historical_release_or_result_packaging_tool_excluded,false
scripts/build_kdd216r_audit.py,6f7aaa880c036f5b5ee6004314bc6bba5a010f3a,historical_release_or_result_packaging_tool_excluded,false
scripts/build_kdd242_release_manifest.py,7b9f71a7f6e65e731af5e7c7b2a9cfca0e5c598d,historical_release_or_result_packaging_tool_excluded,false
scripts/build_public_manifests.py,c54bb1a7e1a056d90cfccb9db2291b2a5c9ddbe8,historical_release_or_result_packaging_tool_excluded,false
scripts/canonicalize_kdd215_direct_results.py,589ba04a2a19e699cc3b3043359a7d88575071ab,historical_release_or_result_packaging_tool_excluded,false
scripts/import_kdd211_public_bundle.py,e3d120f341fd78d04cc196caf79fa9ed73980fca,historical_release_or_result_packaging_tool_excluded,false
scripts/import_kdd215_authoritative.py,b7e3a443cec058441b01c3e3210d59aef639d5ca,historical_release_or_result_packaging_tool_excluded,false
scripts/install_cleanroom.py,1d175c559d3959d3946197327b9a269e7175395f,historical_release_or_result_packaging_tool_excluded,false
scripts/run_kdd214_portability_probe.py,fd176479fa36eac5e5aa9147e70a34e095ff2079,historical_release_or_result_packaging_tool_excluded,false
scripts/run_kdd215_runtime_probe.py,463dd4328ef84aed87a5c25bdbcf220af580adac,historical_release_or_result_packaging_tool_excluded,false
scripts/run_kdd217ar3a_authoritative_differential.py,d6c205f1b0307b5395a321098d85f14761777102,historical_release_or_result_packaging_tool_excluded,false
scripts/run_kdd220a_synthetic_differential.py,9e2ee74fc1afdc1ba74a059b4a45a28da58623d5,historical_release_or_result_packaging_tool_excluded,false
scripts/run_kdd220ar7_stress_probe.py,8427124311ba3f87ac6123d0608c677e9d09acf7,historical_release_or_result_packaging_tool_excluded,false
tests/test_kdd212_release.py,6e3da89464cdea95b6fc2e5a507527a4a4157b13,test_depended_on_excluded_evidence_surface,false
tests/test_kdd217ar3a.py,ae12f0b1d37fe86e2966dfff4ed68bda438762be,test_depended_on_excluded_evidence_surface,false
tests/test_kdd217ar3ar.py,b26d6f1fadc7a763953d2d3c75e0fd55afd4254f,test_depended_on_excluded_evidence_surface,false
tests/test_kdd220a.py,be4e9d3ff248e8aff492023d6bc45f42420ab4b9,test_depended_on_excluded_evidence_surface,false
tests/test_kdd220ar2.py,39f54a2ffda70aed0b9c13cf7ab237937589b74b,test_depended_on_excluded_evidence_surface,false
tests/test_kdd220ar3.py,88686fb0d0d633413beb14ed2f614869e82f9763,test_depended_on_excluded_evidence_surface,false
tests/test_kdd220ar4.py,0972cae1eeedd0e075884be9c6b532e7485fecc1,test_depended_on_excluded_evidence_surface,false
tests/test_kdd220ar5.py,dd17e71ad4662d481d2545adfae987cc7711fccf,test_depended_on_excluded_evidence_surface,false
tests/test_kdd220ar6.py,792cc4fb90488751b7e3e7bb9680d2bccda571a0,test_depended_on_excluded_evidence_surface,false
tests/test_kdd220ar7.py,1e73a14ca7ccd416cc2c1b1fc31b5db755f9b19f,test_depended_on_excluded_evidence_surface,false
tests/test_release.py,91fae544d3847b1a07394945255859117182f26e,test_depended_on_excluded_evidence_surface,false
